id,brood,egg.number,mean.egg.size,leverage,cooks_distance,focal_point,cooks_flag,leverage_flag
9CK10,two,10,4.113,0.08806940058240646,0.1956428235530439,TRUE,TRUE,FALSE
Q64J9,two,4,3.266,0.14784219812638685,0.12477462762989107,FALSE,TRUE,TRUE
HMX5M,two,1,3.515,0.29671540083556724,0.10371800477680797,FALSE,TRUE,TRUE
HMX5M,one,21,3.323,0.1518507729175467,0.043303248969712285,FALSE,FALSE,TRUE
8WOPO,one,44,3.876,0.10092605568014848,0.04289489306721297,FALSE,FALSE,FALSE
XCLRC,one,38,3.929,0.05645418678912368,0.035791272040882643,FALSE,FALSE,FALSE
LE9Q9,one,40,3.917,0.060956085281242404,0.0352664233008713,FALSE,FALSE,FALSE
M69PP,one,59,3.103,0.029730528811766313,0.034076655498439426,FALSE,FALSE,FALSE
NUS9F,one,71,3.219,0.04942456061546804,0.032011386181732,FALSE,FALSE,FALSE
GU238,one,36,3.924,0.04023108130608806,0.02967401821698847,FALSE,FALSE,FALSE
SW5Z4,one,38,3.218,0.05404815777459302,0.026790251761247674,FALSE,FALSE,FALSE
VUSEL,one,61,3.864,0.04450686715873787,0.025324490129681375,FALSE,FALSE,FALSE
F5871,one,86,3.325,0.0809916118892114,0.024740659606001813,FALSE,FALSE,FALSE
FY4I5,one,60,3.174,0.03077829758754322,0.02439754055041085,FALSE,FALSE,FALSE
QM7VX,one,68,3.865,0.05038795545350862,0.022181051360601268,FALSE,FALSE,FALSE
BLD30,one,23,3.395,0.13790164477807793,0.0220300200479179,FALSE,FALSE,TRUE
7YLJ2,one,61,3.932,0.03273201556624873,0.02182402028355567,FALSE,FALSE,FALSE
9B714,one,50,3.21,0.029273273147429606,0.01956651901998368,FALSE,FALSE,FALSE
GU238,two,30,3.783,0.022791310888505365,0.01753511560857961,FALSE,FALSE,FALSE
QM7VX,two,14,3.776,0.03679810038212258,0.01684791619461117,FALSE,FALSE,FALSE
NZAI8,two,44,3.102,0.050259432026725406,0.01642414778828884,FALSE,FALSE,FALSE
R2XAI,one,79,3.758,0.10002344669831974,0.016401603579886497,FALSE,FALSE,FALSE
LT277,two,39,3.706,0.026364335174783846,0.014994309995095906,FALSE,FALSE,FALSE
GS89R,one,39,3.29,0.036733446944304436,0.01377375044708865,FALSE,FALSE,FALSE
NUS9F,two,54,3.108,0.03529181200224369,0.011961600194244911,FALSE,FALSE,FALSE
7KXER,one,22,3.633,0.13832990297793013,0.010778500076414057,FALSE,FALSE,TRUE
ZV3ZK,one,60,3.315,0.039859930852230586,0.009622846255869082,FALSE,FALSE,FALSE
SF9AX,two,28,3.14,0.022273730658189335,0.008528533163870226,FALSE,FALSE,FALSE
9DTO6,two,33,3.18,0.029444679084357453,0.008080568752074264,FALSE,FALSE,FALSE
V16AG,two,50,3.526,0.03527438980651464,0.007196628782026815,FALSE,FALSE,FALSE
XCLRC,two,12,3.65,0.06247794138207629,0.007142949586792277,FALSE,FALSE,FALSE
CAJR1,two,37,3.522,0.03782242592699653,0.006201210882764728,FALSE,FALSE,FALSE
1CHC9,two,30,3.614,0.02298362998607168,0.00615514433944089,FALSE,FALSE,FALSE
KYM8B,two,51,3.474,0.045183898173394146,0.006025488618404165,FALSE,FALSE,FALSE
GS89R,two,38,3.211,0.03352645037724939,0.006023387061701327,FALSE,FALSE,FALSE
9JKMX,one,55,3.757,0.025399896031403007,0.00534635284173967,FALSE,FALSE,FALSE
NJHRZ,one,76,3.676,0.05824338106889249,0.005200910044181837,FALSE,FALSE,FALSE
GOMPR,one,57,3.746,0.02723248116462491,0.0051456830328636075,FALSE,FALSE,FALSE
Q9RWU,two,54,3.178,0.03765980459736972,0.005081532011137811,FALSE,FALSE,FALSE
NZAI8,one,89,3.436,0.10281189567717519,0.005058225489694376,FALSE,FALSE,FALSE
ZV3ZK,two,33,3.205,0.03492835046034958,0.00504555693359406,FALSE,FALSE,FALSE
R2XAI,two,48,3.262,0.05925156181957584,0.005003913996866814,FALSE,FALSE,FALSE
FY4I5,two,44,3.205,0.028873293112469372,0.004053807730388348,FALSE,FALSE,FALSE
LE9Q9,two,32,3.53,0.05957691669307461,0.004024775672671324,FALSE,FALSE,FALSE
NJHRZ,two,39,3.202,0.026673235896359875,0.0039228432459297085,FALSE,FALSE,FALSE
IU3CX,two,30,3.252,0.058821705887173385,0.003755277755868781,FALSE,FALSE,FALSE
CAJR1,one,62,3.652,0.043735998689820164,0.0037255094319783868,FALSE,FALSE,FALSE
0DF8T,two,47,3.222,0.03330787193700799,0.0027033781434296234,FALSE,FALSE,FALSE
KYM8B,one,67,3.621,0.05121087199780573,0.002495308994736504,FALSE,FALSE,FALSE
Q1F6B,two,42,3.24,0.040027851207794965,0.0023136475306553884,FALSE,FALSE,FALSE
9CK10,one,31,3.436,0.10578162187324817,0.0019068596926976322,FALSE,FALSE,FALSE
9B714,two,45,3.462,0.03688316338563763,0.001731360314332597,FALSE,FALSE,FALSE
Q1F6B,one,33,3.44,0.06992502555417443,0.001708631106763367,FALSE,FALSE,FALSE
8WOPO,two,39,3.372,0.10868422901477075,0.0016955546029811034,FALSE,FALSE,FALSE
ZKOEN,two,52,3.382,0.056700949510546154,0.001688213104759815,FALSE,FALSE,FALSE
0DF8T,one,30,3.576,0.07359186132887119,0.0015983033765735975,FALSE,FALSE,FALSE
B5MNL,two,49,3.265,0.032929566848002786,0.0014900116618147743,FALSE,FALSE,FALSE
1CHC9,one,37,3.615,0.03759761179961326,0.0014644044186347238,FALSE,FALSE,FALSE
ASN86,two,8,3.555,0.06721644936021332,0.0014039615434875408,FALSE,FALSE,FALSE
2KNJE,two,35,3.475,0.024178474534615996,0.0012145386799623443,FALSE,FALSE,FALSE
IU3CX,one,75,3.465,0.08416078775019334,0.001155448810352744,FALSE,FALSE,FALSE
XZG4C,two,64,3.393,0.04335338285988262,9.90242734217109e-4,FALSE,FALSE,FALSE
Q9RWU,one,63,3.604,0.036747216121283705,9.209744981266066e-4,FALSE,FALSE,FALSE
Y211M,one,43,3.473,0.02915862368324695,8.945030518928716e-4,FALSE,FALSE,FALSE
XZG4C,one,62,3.497,0.03491414442230789,5.629453505622045e-4,FALSE,FALSE,FALSE
LT277,one,49,3.475,0.022626573521465437,5.423720655107606e-4,FALSE,FALSE,FALSE
XNQUK,two,47,3.315,0.03619183108912197,5.00498583448968e-4,FALSE,FALSE,FALSE
SF9AX,one,49,3.474,0.02223580105561149,4.7904095819841115e-4,FALSE,FALSE,FALSE
PFWX1,one,44,3.583,0.02667174955578898,4.0557085617888274e-4,FALSE,FALSE,FALSE
ASN86,one,53,3.475,0.027996255074572693,4.0037170092599325e-4,FALSE,FALSE,FALSE
GOMPR,two,33,3.332,0.023617214383265427,3.607641906716645e-4,FALSE,FALSE,FALSE
Y211M,two,39,3.418,0.03149687543906507,2.4747626369751586e-4,FALSE,FALSE,FALSE
M69PP,two,8,3.485,0.05940138760298326,2.3123182272652773e-4,FALSE,FALSE,FALSE
XNQUK,one,39,3.513,0.03462943440014371,2.1000110234084258e-4,FALSE,FALSE,FALSE
CPM1J,two,49,3.365,0.03227278238785752,1.1559522770408532e-4,FALSE,FALSE,FALSE
SW5Z4,two,26,3.356,0.03901394901573287,1.0636027720107814e-4,FALSE,FALSE,FALSE
CPM1J,one,40,3.502,0.03180984323272611,9.881761875127981e-5,FALSE,FALSE,FALSE
F5871,two,18,3.456,0.027153419739778206,9.585050314627734e-5,FALSE,FALSE,FALSE
VUSEL,two,47,3.34,0.04446150556768982,4.571667959791294e-5,FALSE,FALSE,FALSE
B5MNL,one,72,3.546,0.05272972526586982,3.111812955730271e-5,FALSE,FALSE,FALSE
V16AG,one,69,3.547,0.04632023154111025,2.895019331124481e-5,FALSE,FALSE,FALSE
9DTO6,one,49,3.569,0.02798096411334792,2.8460175907548742e-5,FALSE,FALSE,FALSE
ZKOEN,one,41,3.512,0.057245955440770366,2.7210025337355727e-5,FALSE,FALSE,FALSE
PFWX1,two,36,3.374,0.026028083746018865,1.0537114602893203e-5,FALSE,FALSE,FALSE
9JKMX,two,10,3.497,0.046967854916645964,9.808392530809292e-6,FALSE,FALSE,FALSE
7YLJ2,two,38,3.367,0.02612327430148257,6.687684247551417e-6,FALSE,FALSE,FALSE
2KNJE,one,38,3.529,0.033590406517212075,5.376017996053158e-6,FALSE,FALSE,FALSE
7KXER,two,1,3.707,0.297161609547234,1.7937776641880802e-6,FALSE,FALSE,TRUE
BLD30,two,69,3.345,0.07293023896297174,1.0996122867265827e-6,FALSE,FALSE,FALSE
Q64J9,one,45,3.578,0.06550585165091759,5.440170374020363e-7,FALSE,FALSE,FALSE
