"id","brood","egg.number","mean.egg.size","pc1","mean.pro","mean.mass","mean.sci","egg_number_between","egg_number_within","egg_number_within_z","egg_number_between_z"
"1CHC9","one",37,3.61510810810811,-0.504717853787176,1.866,65.9333333333333,64.1357999874926,33.5,3.5,0.259295687576241,-0.719750447931247
"1CHC9","two",30,3.61431111111111,-0.504717853787176,1.866,65.9333333333333,64.1357999874926,33.5,-3.5,-0.259295687576241,-0.719750447931247
"2KNJE","one",38,3.52882456140351,-0.112522486541809,1.816,63.7,65.1265675045824,36.5,1.5,0.11112672324696,-0.488696800952044
"2KNJE","two",35,3.47453333333333,-0.112522486541809,1.816,63.7,65.1265675045824,36.5,-1.5,-0.11112672324696,-0.488696800952044
"7KXER","one",22,3.63289393939394,0.245701542420953,1.798,60.1333333333333,62.6129924655591,11.5,10.5,0.777887062728723,-2.41414385911207
"7KXER","two",1,3.70733333333333,0.245701542420953,1.798,60.1333333333333,62.6129924655591,11.5,-10.5,-0.777887062728723,-2.41414385911207
"7YLJ2","one",61,3.93237704918033,-0.285430280387348,1.79366666666667,67.1333333333333,70.2115282987403,49.5,11.5,0.851971544893364,0.512535669291168
"7YLJ2","two",38,3.36732456140351,-0.285430280387348,1.79366666666667,67.1333333333333,70.2115282987403,49.5,-11.5,-0.851971544893364,0.512535669291168
"8WOPO","one",44,3.87618181818182,1.49546027428827,1.44566666666667,63.6666666666667,98.8777404466018,41.5,2.5,0.185211205411601,-0.103607389320039
"8WOPO","two",39,3.37158974358974,1.49546027428827,1.44566666666667,63.6666666666667,98.8777404466018,41.5,-2.5,-0.185211205411601,-0.103607389320039
"9B714","one",50,3.21018,0.733365167303122,1.70966666666667,58.8,67.1478728405014,47.5,2.5,0.185211205411601,0.358499904638366
"9B714","two",45,3.46191111111111,0.733365167303122,1.70966666666667,58.8,67.1478728405014,47.5,-2.5,-0.185211205411601,0.358499904638366
"9CK10","one",31,3.43576344086022,-1.83958347937925,2.14433333333333,67.5666666666667,50.9380296484765,20.5,10.5,0.777887062728723,-1.72098291817446
"9CK10","two",10,4.11336666666667,-1.83958347937925,2.14433333333333,67.5666666666667,50.9380296484765,20.5,-10.5,-0.777887062728723,-1.72098291817446
"9DTO6","one",49,3.56897278911565,0.103709737171607,1.719,66.3,74.9607874924924,41,8,0.592675857317123,-0.14211633048324
"9DTO6","two",33,3.1800202020202,0.103709737171607,1.719,66.3,74.9607874924924,41,-8,-0.592675857317123,-0.14211633048324
"9JKMX","one",55,3.75677575757576,-0.400296875069372,1.80566666666667,67.9333333333333,70.1850592135465,32.5,22.5,1.66690084870441,-0.796768330257647
"9JKMX","two",10,3.49743333333333,-0.400296875069372,1.80566666666667,67.9333333333333,70.1850592135465,32.5,-22.5,-1.66690084870441,-0.796768330257647
"ASN86","one",53,3.47546540880503,-1.14254110456504,1.94366666666667,69.7666666666667,62.9764802276259,30.5,22.5,1.66690084870441,-0.950804094910449
"ASN86","two",8,3.55529166666667,-1.14254110456504,1.94366666666667,69.7666666666667,62.9764802276259,30.5,-22.5,-1.66690084870441,-0.950804094910449
"B5MNL","one",72,3.54631481481481,1.0145995026536,1.78433333333333,51.1,53.9565951048488,60.5,11.5,0.851971544893364,1.35973237488158
"B5MNL","two",49,3.26477551020408,1.0145995026536,1.78433333333333,51.1,53.9565951048488,60.5,-11.5,-0.851971544893364,1.35973237488158
"BLD30","one",23,3.39510144927536,1.0454965518637,1.60866666666667,60.4,77.1204934714234,46,-23,-1.70394308978673,0.242973081148765
"BLD30","two",69,3.3454347826087,1.0454965518637,1.60866666666667,60.4,77.1204934714234,46,23,1.70394308978673,0.242973081148765
"CAJR1","one",62,3.65191935483871,-1.53393997805577,2.02066666666667,70.5,59.2637676621227,49.5,12.5,0.926056027058004,0.512535669291168
"CAJR1","two",37,3.52194594594595,-1.53393997805577,2.02066666666667,70.5,59.2637676621227,49.5,-12.5,-0.926056027058004,0.512535669291168
"CPM1J","one",40,3.5016,-0.729213743519118,1.89,67.4666666666667,64.1077509943996,44.5,-4.5,-0.333380169740881,0.127446257659163
"CPM1J","two",49,3.36548979591837,-0.729213743519118,1.89,67.4666666666667,64.1077509943996,44.5,4.5,0.333380169740881,0.127446257659163
"F5871","one",86,3.32542635658915,0.0877280931031814,1.86766666666667,58.3,56.6178378677718,52,34,2.51887239359777,0.70508037510717
"F5871","two",18,3.45581481481481,0.0877280931031814,1.86766666666667,58.3,56.6178378677718,52,-34,-2.51887239359777,0.70508037510717
"FY4I5","one",60,3.17408888888889,0.803196862001922,1.80833333333333,52.4666666666667,54.0592916455798,52,8,0.592675857317123,0.70508037510717
"FY4I5","two",44,3.20510606060606,0.803196862001922,1.80833333333333,52.4666666666667,54.0592916455798,52,-8,-0.592675857317123,0.70508037510717
"GOMPR","one",57,3.74574269005848,0.821527410714289,1.80833333333333,52.2333333333333,53.8188754819717,45,12,0.889013785975684,0.165955198822364
"GOMPR","two",33,3.33214141414141,0.821527410714289,1.80833333333333,52.2333333333333,53.8188754819717,45,-12,-0.889013785975684,0.165955198822364
"GS89R","one",39,3.29031623931624,1.25926548713932,1.70433333333333,52.4,60.1829693382358,38.5,0.5,0.0370422410823202,-0.334661036299242
"GS89R","two",38,3.2109298245614,1.25926548713932,1.70433333333333,52.4,60.1829693382358,38.5,-0.5,-0.0370422410823202,-0.334661036299242
"GU238","one",36,3.92430555555556,0.44648891456237,1.858,54.2666666666667,53.2045934242015,33,3,0.222253446493921,-0.758259389094447
"GU238","two",30,3.78298888888889,0.44648891456237,1.858,54.2666666666667,53.2045934242015,33,-3,-0.222253446493921,-0.758259389094447
"HMX5M","one",21,3.32312698412698,-1.40114630397785,1.778,82.2,87.3627382054727,11,10,0.740844821646403,-2.45265280027527
"HMX5M","two",1,3.51466666666667,-1.40114630397785,1.778,82.2,87.3627382054727,11,-10,-0.740844821646403,-2.45265280027527
"IU3CX","one",75,3.46532888888889,-2.12574169375753,2.14933333333333,70.9333333333333,53.2483117817748,52.5,22.5,1.66690084870441,0.743589316270371
"IU3CX","two",30,3.252,-2.12574169375753,2.14933333333333,70.9333333333333,53.2483117817748,52.5,-22.5,-1.66690084870441,0.743589316270371
"KYM8B","one",67,3.62096517412935,-0.691188827137222,2.025,59.5333333333333,49.8488202193287,59,8,0.592675857317123,1.24420555139198
"KYM8B","two",51,3.47388235294118,-0.691188827137222,2.025,59.5333333333333,49.8488202193287,59,-8,-0.592675857317123,1.24420555139198
"LT277","one",49,3.47502040816327,0.537905143505983,1.80066666666667,56.2666666666667,58.4279293436552,44,5,0.370422410823202,0.088937316495963
"LT277","two",39,3.70598290598291,0.537905143505983,1.80066666666667,56.2666666666667,58.4279293436552,44,-5,-0.370422410823202,0.088937316495963
"M69PP","one",59,3.10274576271186,0.987770322710585,1.802,50.4666666666667,52.3340863029707,33.5,25.5,1.88915429519833,-0.719750447931247
"M69PP","two",8,3.48466666666667,0.987770322710585,1.802,50.4666666666667,52.3340863029707,33.5,-25.5,-1.88915429519833,-0.719750447931247
"NJHRZ","one",76,3.67552192982456,-0.00221997700330588,1.886,58.4333333333333,55.7402156781639,57.5,18.5,1.37056292004585,1.12867872790238
"NJHRZ","two",39,3.20180341880342,-0.00221997700330588,1.886,58.4333333333333,55.7402156781639,57.5,-18.5,-1.37056292004585,1.12867872790238
"NUS9F","one",71,3.21939436619718,-0.227194692631695,1.805,65.7666666666667,67.9925868079683,62.5,8.5,0.629718098399443,1.51376813953438
"NUS9F","two",54,3.10842592592593,-0.227194692631695,1.805,65.7666666666667,67.9925868079683,62.5,-8.5,-0.629718098399443,1.51376813953438
"PFWX1","one",44,3.58345454545455,1.22664057783388,1.90033333333333,42,39.5120670213166,40,4,0.296337928658561,-0.219134212809641
"PFWX1","two",36,3.37405555555556,1.22664057783388,1.90033333333333,42,39.5120670213166,40,-4,-0.296337928658561,-0.219134212809641
"Q1F6B","one",33,3.44011111111111,-0.997659354921433,2.022,63.6,53.3988755067882,37.5,-4.5,-0.333380169740881,-0.411678918625643
"Q1F6B","two",42,3.24020634920635,-0.997659354921433,2.022,63.6,53.3988755067882,37.5,4.5,0.333380169740881,-0.411678918625643
"Q64J9","one",45,3.57778518518519,1.67681452942448,1.53733333333333,56.3,78.1178648259921,24.5,20.5,1.51873188437513,-1.41291138886885
"Q64J9","two",4,3.26608333333333,1.67681452942448,1.53733333333333,56.3,78.1178648259921,24.5,-20.5,-1.51873188437513,-1.41291138886885
"Q9RWU","one",63,3.60439153439153,-0.319736676508142,1.93266666666667,59.9,54.6355849705844,58.5,4.5,0.333380169740881,1.20569661022878
"Q9RWU","two",54,3.1776975308642,-0.319736676508142,1.93266666666667,59.9,54.6355849705844,58.5,-4.5,-0.333380169740881,1.20569661022878
"QM7VX","one",68,3.86537254901961,0.567116458646827,1.72566666666667,60.0333333333333,67.3955947531831,41,27,2.00028101844529,-0.14211633048324
"QM7VX","two",14,3.77583333333333,0.567116458646827,1.72566666666667,60.0333333333333,67.3955947531831,41,-27,-2.00028101844529,-0.14211633048324
"R2XAI","one",79,3.75826160337553,0.0507752123080377,1.60133333333333,73.4666666666667,94.593374575514,63.5,15.5,1.14830947355193,1.59078602186078
"R2XAI","two",48,3.26220833333333,0.0507752123080377,1.60133333333333,73.4666666666667,94.593374575514,63.5,-15.5,-1.14830947355193,1.59078602186078
"SF9AX","one",49,3.47400680272109,0.73942949339596,1.83633333333333,51.7333333333333,51.8232662550953,38.5,10.5,0.777887062728723,-0.334661036299242
"SF9AX","two",28,3.13957142857143,0.73942949339596,1.83633333333333,51.7333333333333,51.8232662550953,38.5,-10.5,-0.777887062728723,-0.334661036299242
"SW5Z4","one",38,3.2180350877193,0.247001598118136,2.03933333333333,46.8,38.6834588341375,32,6,0.444506892987842,-0.835277271420848
"SW5Z4","two",26,3.35608974358974,0.247001598118136,2.03933333333333,46.8,38.6834588341375,32,-6,-0.444506892987842,-0.835277271420848
"V16AG","one",69,3.54686473429952,-1.23680670128294,1.934,71.5,65.133702841775,59.5,9.5,0.703802580564083,1.28271449255518
"V16AG","two",50,3.52558,-1.23680670128294,1.934,71.5,65.133702841775,59.5,-9.5,-0.703802580564083,1.28271449255518
"VUSEL","one",61,3.86372677595628,-0.861949450997056,2.036,61.1,50.6550788551516,54,7,0.518591375152482,0.859116139759972
"VUSEL","two",47,3.33999290780142,-0.861949450997056,2.036,61.1,50.6550788551516,54,-7,-0.518591375152482,0.859116139759972
"XCLRC","one",38,3.92945614035088,3.01779974986157,1.59466666666667,36.0666666666667,46.7948126274675,25,13,0.963098268140324,-1.37440244770565
"XCLRC","two",12,3.64958333333333,3.01779974986157,1.59466666666667,36.0666666666667,46.7948126274675,25,-13,-0.963098268140324,-1.37440244770565
"XNQUK","one",39,3.5125811965812,1.43713928603875,1.72733333333333,48.8666666666667,54.7624964325583,43,-4,-0.296337928658561,0.0119194341695621
"XNQUK","two",47,3.31521276595745,1.43713928603875,1.72733333333333,48.8666666666667,54.7624964325583,43,4,0.296337928658561,0.0119194341695621
"XZG4C","one",62,3.49746774193548,-0.38095805403023,1.78066666666667,69.0666666666667,73.2031518029989,63,-1,-0.0740844821646403,1.55227708069758
"XZG4C","two",64,3.39277083333333,-0.38095805403023,1.78066666666667,69.0666666666667,73.2031518029989,63,1,0.0740844821646403,1.55227708069758
"Y211M","one",43,3.47268217054264,0.415234769315783,1.72566666666667,61.9666666666667,69.5660247896543,41,2,0.148168964329281,-0.14211633048324
"Y211M","two",39,3.41822222222222,0.415234769315783,1.72566666666667,61.9666666666667,69.5660247896543,41,-2,-0.148168964329281,-0.14211633048324
"ZKOEN","one",41,3.51230894308943,-0.95706950806957,2.096,59,46.3779505242376,46.5,-5.5,-0.407464651905522,0.281482022311965
"ZKOEN","two",52,3.38154487179487,-0.95706950806957,2.096,59,46.3779505242376,46.5,5.5,0.407464651905522,0.281482022311965
"ZV3ZK","one",60,3.31530555555556,-1.7513706154342,2.008,73.9666666666667,62.8988087583325,46.5,13.5,1.00014050922264,0.281482022311965
"ZV3ZK","two",33,3.20532323232323,-1.7513706154342,2.008,73.9666666666667,62.8988087583325,46.5,-13.5,-1.00014050922264,0.281482022311965
